"","variable","relative_importance"
"2","temperature difference",0.999999955366897
"1","photoperiod",0.996602678244435
"5","hatchery",0.995708548393478
"3","flow",0.539239015752365
"4","lunar phase",0.33344400706871
