"","variable","relative_importance"
"2","temperature difference",0.999999989264409
"1","atu",0.997492199961682
"5","hatchery",0.938533760720119
"4","lunar phase",0.327355885738768
"3","flow",0.264248820544073
