"","variable","relative_importance"
"1","atu",0.999997789958187
"3","flow",0.928587567394932
"4","lunar phase",0.402266451229992
"2","temperature difference",0.320745346388105
"5","hatchery",0.290882652452107
