"","variable","relative_importance"
"1","photoperiod",0.999999283803536
"3","flow",0.877731296470244
"4","lunar phase",0.374772407102678
"2","temperature difference",0.28291118345861
"5","hatchery",0.262369173749358
